name,type,direction,description
abaumannii_atcc19606_inhib_50,float,high,Classification score (rank) for bioactivity in Acinetobacter baumannii ATCC19606
abaumannii_atcc19606_mic_25,float,high,Classification score (rank) for bioactivity in Acinetobacter baumannii ATCC19606
calbicans_atcc90028_inhib_50,float,high,Classification score (rank) for bioactivity in Candida albicans ATCC90028
calbicans_atcc90028_mic_25,float,high,Classification score (rank) for bioactivity in Candida albicans ATCC90028
cdeuterogattii_cbs7750_mic_25,float,high,Classification score (rank) for bioactivity in Cryptococcus deuterogattii CBS7750
cglabrata_atcc90030_mic_25,float,high,Classification score (rank) for bioactivity in Candida glabrata ATCC90030
cneoformans_h99_inhib_50,float,high,Classification score (rank) for bioactivity in Cryptococcus neoformans H99
cneoformans_h99_mic_25,float,high,Classification score (rank) for bioactivity in Cryptococcus neoformans H99
ecoli_atcc25922_inhib_50,float,high,Classification score (rank) for bioactivity in Escherichia coli ATCC25922
ecoli_atcc25922_mic_25,float,high,Classification score (rank) for bioactivity in Escherichia coli ATCC25922
ecoli_lpxc_inhib_50,float,high,Classification score (rank) for bioactivity in Escherichia coli lpxC
ecoli_tolc_inhib_50,float,high,Classification score (rank) for bioactivity in Escherichia coli tolC
kpneumoniae_atcc700603_inhib_50,float,high,Classification score (rank) for bioactivity in Klebsiella pneumoniae ATCC700603
kpneumoniae_atcc700603_mic_25,float,high,Classification score (rank) for bioactivity in Klebsiella pneumoniae ATCC700603
paeruginosa_atcc27853_inhib_50,float,high,Classification score (rank) for bioactivity in Pseudomonas aeruginosa ATCC27853
paeruginosa_atcc27853_mic_25,float,high,Classification score (rank) for bioactivity in Pseudomonas aeruginosa ATCC27853
paeruginosa_pao397_inhib_50,float,high,Classification score (rank) for bioactivity in Pseudomonas aeruginosa PAO397
paeruginosa_pao397_mic_25,float,high,Classification score (rank) for bioactivity in Pseudomonas aeruginosa PAO397
saureus_atcc43300_inhib_50,float,high,Classification score (rank) for bioactivity in Staphylococcus aureus ATCC43300
saureus_atcc43300_mic_25,float,high,Classification score (rank) for bioactivity in Staphylococcus aureus ATCC43300
cytotoxicity_ic50,float,high,Classification score (rank) for cytotoxicity in human cell lines
hemolitic_activity,float,high,Classification score (rank) for hemolytic activity (10% lysis of human red blood cells)
